{
    "rmse": 0.6561005742210648,
    "mae": 0.5114459105356485,
    "r2": 0.2562028298479061
}